driver_id,driver_name,driver_contact_number,driver_license_number,vehicle_id,vehicle_type,vehicle_registration_number,driver_status,current_location_latitude,current_location_longitude,ts
898514ab-bff7-4dce-9123-7bb3dc8a1a64,Teresa Dixon,803.495.4421x93693,9883829064,536663,Truck,37961815,Available,-72.990436,90.372430,1712991380.047225
63075629-5729-414e-ab55-5280a9bf235d,Michael Harrington,576.278.6019x715,9955217685,145499,Car,15459186,Available,57.394466,-177.014110,1712991380.047437
d81dbab7-ffed-4dd8-9da6-00e2f2ee259a,Sarah Lara,(822)768-6915,9247498473,622129,Car,8010818,Offline,71.686754,106.729217,1712991380.047612
8fa74cb6-c660-48cc-a6a6-6ca59f9f9205,Victoria Thomas,(548)950-0221x3098,6251539855,604600,Van,74194477,Available,-70.634852,133.026110,1712991380.047823
18d0e74d-2422-4fba-87cd-0a5fdc2f94a0,Alexandra Boyd MD,758-661-4132x500,8134974983,445303,Van,41550546,Busy,2.700712,-54.061033,1712991380.048015
